Lokasi;Alamat;Luas tanah;Area;Jenis area;Luas area;Bangunan;Lantai;Ruangan;Jenis ruangan;Luas ruangan;Objek;Jenis objek;Panjang;Lebar;Tinggi;Satuan ukuran;Jumlah;Takaran;Kali per minggu
Menara Cakrawala;Jl. Jenderal Sudirman Kav. 21;3500;Halaman & Drop-off;Taman;600;;;;;;Paving & Drop-off;Lantai / karpet;31;19.4;;m;;
Menara Cakrawala;;;Halaman & Drop-off;Taman;600;;;;;;Tanaman;Tanaman;;;;m;20;5
Menara Cakrawala;;;Halaman & Drop-off;Taman;600;;;;;;Tempat Sampah;Tempat sampah;;;;m;4;20
Menara Cakrawala;;;Parkir Basement;Parkir;900;;;;;;Lantai Parkir;Lantai / karpet;37.9;23.7;;m;;
Menara Cakrawala;;;Parkir Basement;Parkir;900;;;;;;Dinding Basement;Dinding;123.2;;2.8;m;;
Menara Cakrawala;;;Parkir Basement;Parkir;900;;;;;;Tempat Sampah;Tempat sampah;;;;m;3;20
Menara Cakrawala;;;Pos Satpam;Pos Security;12;;;;;;Lantai;Lantai / karpet;4.4;2.7;;m;;
Menara Cakrawala;;;Pos Satpam;Pos Security;12;;;;;;Kaca Pos;Kaca / jendela;1.5;;1.2;m;3;
Menara Cakrawala;;;Pos Satpam;Pos Security;12;;;;;;Meja Jaga;Meja;1.2;0.6;;m;1;
Menara Cakrawala;;;Pos Satpam;Pos Security;12;;;;;;Kursi;Kursi;;;;m;2;10
Menara Cakrawala;;;Gedung Utama;Bangunan;1200;Tower A;Lantai 1;Lobi Utama;Lobi;180;Lantai;Lantai / karpet;17;10.6;;m;;;
Menara Cakrawala;;;Gedung Utama;Bangunan;1200;Tower A;Lantai 1;Lobi Utama;Lobi;180;Dinding;Dinding;55.2;;4.5;m;;;1
Menara Cakrawala;;;Gedung Utama;Bangunan;1200;Tower A;Lantai 1;Lobi Utama;Lobi;180;Kaca Fasad;Kaca / jendela;3;;2.5;m;6;;1
Menara Cakrawala;;;Gedung Utama;Bangunan;1200;Tower A;Lantai 1;Lobi Utama;Lobi;180;Meja Resepsionis;Meja;2.4;0.8;;m;1;;
Menara Cakrawala;;;Gedung Utama;Bangunan;1200;Tower A;Lantai 1;Lobi Utama;Lobi;180;Kursi Tunggu;Kursi;;;;m;6;10;
Menara Cakrawala;;;Gedung Utama;Bangunan;1200;Tower A;Lantai 1;Lobi Utama;Lobi;180;Tanaman Hias;Tanaman;;;;m;4;5;3
Menara Cakrawala;;;Gedung Utama;Bangunan;1200;Tower A;Lantai 1;Lobi Utama;Lobi;180;Tempat Sampah;Tempat sampah;;;;m;2;20;
Menara Cakrawala;;;Gedung Utama;Bangunan;1200;Tower A;Lantai 1;Resepsionis;Lobi;24;Lantai;Lantai / karpet;6.2;3.9;;m;;;
Menara Cakrawala;;;Gedung Utama;Bangunan;1200;Tower A;Lantai 1;Resepsionis;Lobi;24;Dinding;Dinding;20.2;;4.5;m;;;1
Menara Cakrawala;;;Gedung Utama;Bangunan;1200;Tower A;Lantai 1;Resepsionis;Lobi;24;Kaca Fasad;Kaca / jendela;3;;2.5;m;2;;1
Menara Cakrawala;;;Gedung Utama;Bangunan;1200;Tower A;Lantai 1;Resepsionis;Lobi;24;Meja Resepsionis;Meja;2.4;0.8;;m;1;;
Menara Cakrawala;;;Gedung Utama;Bangunan;1200;Tower A;Lantai 1;Resepsionis;Lobi;24;Kursi Tunggu;Kursi;;;;m;6;10;
Menara Cakrawala;;;Gedung Utama;Bangunan;1200;Tower A;Lantai 1;Resepsionis;Lobi;24;Tanaman Hias;Tanaman;;;;m;4;5;3
Menara Cakrawala;;;Gedung Utama;Bangunan;1200;Tower A;Lantai 1;Resepsionis;Lobi;24;Tempat Sampah;Tempat sampah;;;;m;2;20;
Menara Cakrawala;;;Gedung Utama;Bangunan;1200;Tower A;Lantai 1;Toilet Pria;Toilet;18;Lantai;Lantai / karpet;5.4;3.4;;m;;;
Menara Cakrawala;;;Gedung Utama;Bangunan;1200;Tower A;Lantai 1;Toilet Pria;Toilet;18;Dinding;Dinding;17.6;;3;m;;;1
Menara Cakrawala;;;Gedung Utama;Bangunan;1200;Tower A;Lantai 1;Toilet Pria;Toilet;18;Kloset;Bilik / kloset;;;;m;3;50;7
Menara Cakrawala;;;Gedung Utama;Bangunan;1200;Tower A;Lantai 1;Toilet Pria;Toilet;18;Wastafel;Wastafel;;;;m;2;20;7
Menara Cakrawala;;;Gedung Utama;Bangunan;1200;Tower A;Lantai 1;Toilet Pria;Toilet;18;Urinoir;Urinoir;;;;m;2;30;7
Menara Cakrawala;;;Gedung Utama;Bangunan;1200;Tower A;Lantai 1;Toilet Pria;Toilet;18;Cermin;Cermin;3;;1;m;;;7
Menara Cakrawala;;;Gedung Utama;Bangunan;1200;Tower A;Lantai 1;Toilet Pria;Toilet;18;Dispenser Sabun;Dispenser / mesin;;;;m;1;15;
Menara Cakrawala;;;Gedung Utama;Bangunan;1200;Tower A;Lantai 1;Toilet Pria;Toilet;18;Tempat Sampah;Tempat sampah;;;;m;2;20;
Menara Cakrawala;;;Gedung Utama;Bangunan;1200;Tower A;Lantai 1;Toilet Pria;Toilet;18;Pintu;Pintu;0.9;;2.1;m;1;;2
Menara Cakrawala;;;Gedung Utama;Bangunan;1200;Tower A;Lantai 1;Toilet Wanita;Toilet;18;Lantai;Lantai / karpet;5.4;3.4;;m;;;
Menara Cakrawala;;;Gedung Utama;Bangunan;1200;Tower A;Lantai 1;Toilet Wanita;Toilet;18;Dinding;Dinding;17.6;;3;m;;;1
Menara Cakrawala;;;Gedung Utama;Bangunan;1200;Tower A;Lantai 1;Toilet Wanita;Toilet;18;Kloset;Bilik / kloset;;;;m;3;50;7
Menara Cakrawala;;;Gedung Utama;Bangunan;1200;Tower A;Lantai 1;Toilet Wanita;Toilet;18;Wastafel;Wastafel;;;;m;2;20;7
Menara Cakrawala;;;Gedung Utama;Bangunan;1200;Tower A;Lantai 1;Toilet Wanita;Toilet;18;Cermin;Cermin;3;;1;m;;;7
Menara Cakrawala;;;Gedung Utama;Bangunan;1200;Tower A;Lantai 1;Toilet Wanita;Toilet;18;Dispenser Sabun;Dispenser / mesin;;;;m;1;15;
Menara Cakrawala;;;Gedung Utama;Bangunan;1200;Tower A;Lantai 1;Toilet Wanita;Toilet;18;Tempat Sampah;Tempat sampah;;;;m;2;20;
Menara Cakrawala;;;Gedung Utama;Bangunan;1200;Tower A;Lantai 1;Toilet Wanita;Toilet;18;Pintu;Pintu;0.9;;2.1;m;1;;2
Menara Cakrawala;;;Gedung Utama;Bangunan;1200;Tower A;Lantai 1;Koridor;Koridor;60;Lantai;Lantai / karpet;9.8;6.1;;m;;;
Menara Cakrawala;;;Gedung Utama;Bangunan;1200;Tower A;Lantai 1;Koridor;Koridor;60;Dinding;Dinding;31.8;;3;m;;;1
Menara Cakrawala;;;Gedung Utama;Bangunan;1200;Tower A;Lantai 1;Koridor;Koridor;60;Tempat Sampah;Tempat sampah;;;;m;2;20;
Menara Cakrawala;;;Gedung Utama;Bangunan;1200;Tower A;Lantai 1;Koridor;Koridor;60;Pintu Tangga Darurat;Pintu;0.9;;2.1;m;2;;2
Menara Cakrawala;;;Gedung Utama;Bangunan;1200;Tower A;Lantai 1;Lift Lobby;Lift;24;Lantai;Lantai / karpet;6.2;3.9;;m;;;
Menara Cakrawala;;;Gedung Utama;Bangunan;1200;Tower A;Lantai 1;Lift Lobby;Lift;24;Dinding;Dinding;20.2;;3;m;;;1
Menara Cakrawala;;;Gedung Utama;Bangunan;1200;Tower A;Lantai 1;Lift Lobby;Lift;24;Cermin Lift;Cermin;1.8;;2;m;2;;7
Menara Cakrawala;;;Gedung Utama;Bangunan;1200;Tower A;Lantai 1;Lift Lobby;Lift;24;Pintu Lift;Pintu;1.1;;2.2;m;2;;2
Menara Cakrawala;;;Gedung Utama;Bangunan;1200;Tower A;Lantai 2;Ruang Kerja;Ruang kerja;320;Lantai;Lantai / karpet;22.6;14.1;;m;;;
Menara Cakrawala;;;Gedung Utama;Bangunan;1200;Tower A;Lantai 2;Ruang Kerja;Ruang kerja;320;Dinding;Dinding;73.4;;3;m;;;1
Menara Cakrawala;;;Gedung Utama;Bangunan;1200;Tower A;Lantai 2;Ruang Kerja;Ruang kerja;320;Kaca Jendela;Kaca / jendela;2;;2.2;m;8;;1
Menara Cakrawala;;;Gedung Utama;Bangunan;1200;Tower A;Lantai 2;Ruang Kerja;Ruang kerja;320;Meja Kerja;Meja;1.4;0.7;;m;40;;
Menara Cakrawala;;;Gedung Utama;Bangunan;1200;Tower A;Lantai 2;Ruang Kerja;Ruang kerja;320;Kursi Kerja;Kursi;;;;m;40;10;
Menara Cakrawala;;;Gedung Utama;Bangunan;1200;Tower A;Lantai 2;Ruang Kerja;Ruang kerja;320;Lemari Arsip;Lemari;1.2;0.5;1.8;m;4;;2
Menara Cakrawala;;;Gedung Utama;Bangunan;1200;Tower A;Lantai 2;Ruang Kerja;Ruang kerja;320;Tempat Sampah;Tempat sampah;;;;m;5;20;
Menara Cakrawala;;;Gedung Utama;Bangunan;1200;Tower A;Lantai 2;Ruang Rapat;Rapat;45;Lantai;Lantai / karpet;8.5;5.3;;m;;;
Menara Cakrawala;;;Gedung Utama;Bangunan;1200;Tower A;Lantai 2;Ruang Rapat;Rapat;45;Dinding;Dinding;27.6;;3;m;;;1
Menara Cakrawala;;;Gedung Utama;Bangunan;1200;Tower A;Lantai 2;Ruang Rapat;Rapat;45;Kaca Jendela;Kaca / jendela;2;;2.2;m;2;;1
Menara Cakrawala;;;Gedung Utama;Bangunan;1200;Tower A;Lantai 2;Ruang Rapat;Rapat;45;Meja Rapat;Meja;3.6;1.2;;m;1;;
Menara Cakrawala;;;Gedung Utama;Bangunan;1200;Tower A;Lantai 2;Ruang Rapat;Rapat;45;Kursi Rapat;Kursi;;;;m;12;10;
Menara Cakrawala;;;Gedung Utama;Bangunan;1200;Tower A;Lantai 2;Ruang Rapat;Rapat;45;Proyektor & Layar;Peralatan elektronik;;;;m;1;10;2
Menara Cakrawala;;;Gedung Utama;Bangunan;1200;Tower A;Lantai 2;Ruang Rapat;Rapat;45;Tempat Sampah;Tempat sampah;;;;m;1;20;
Menara Cakrawala;;;Gedung Utama;Bangunan;1200;Tower A;Lantai 2;Pantry;Pantry;20;Lantai;Lantai / karpet;5.7;3.5;;m;;;
Menara Cakrawala;;;Gedung Utama;Bangunan;1200;Tower A;Lantai 2;Pantry;Pantry;20;Dinding;Dinding;18.4;;3;m;;;1
Menara Cakrawala;;;Gedung Utama;Bangunan;1200;Tower A;Lantai 2;Pantry;Pantry;20;Wastafel;Wastafel;;;;m;2;20;7
Menara Cakrawala;;;Gedung Utama;Bangunan;1200;Tower A;Lantai 2;Pantry;Pantry;20;Lemari Dapur;Lemari;2.4;0.6;0.9;m;1;;2
Menara Cakrawala;;;Gedung Utama;Bangunan;1200;Tower A;Lantai 2;Pantry;Pantry;20;Dispenser Air;Dispenser / mesin;;;;m;2;15;
Menara Cakrawala;;;Gedung Utama;Bangunan;1200;Tower A;Lantai 2;Pantry;Pantry;20;Meja Makan;Meja;1.8;0.8;;m;1;;
Menara Cakrawala;;;Gedung Utama;Bangunan;1200;Tower A;Lantai 2;Pantry;Pantry;20;Kursi;Kursi;;;;m;4;10;
Menara Cakrawala;;;Gedung Utama;Bangunan;1200;Tower A;Lantai 2;Pantry;Pantry;20;Tempat Sampah;Tempat sampah;;;;m;2;20;
Menara Cakrawala;;;Gedung Utama;Bangunan;1200;Tower A;Lantai 2;Toilet Pria;Toilet;18;Lantai;Lantai / karpet;5.4;3.4;;m;;;
Menara Cakrawala;;;Gedung Utama;Bangunan;1200;Tower A;Lantai 2;Toilet Pria;Toilet;18;Dinding;Dinding;17.6;;3;m;;;1
Menara Cakrawala;;;Gedung Utama;Bangunan;1200;Tower A;Lantai 2;Toilet Pria;Toilet;18;Kloset;Bilik / kloset;;;;m;3;50;7
Menara Cakrawala;;;Gedung Utama;Bangunan;1200;Tower A;Lantai 2;Toilet Pria;Toilet;18;Wastafel;Wastafel;;;;m;2;20;7
Menara Cakrawala;;;Gedung Utama;Bangunan;1200;Tower A;Lantai 2;Toilet Pria;Toilet;18;Urinoir;Urinoir;;;;m;2;30;7
Menara Cakrawala;;;Gedung Utama;Bangunan;1200;Tower A;Lantai 2;Toilet Pria;Toilet;18;Cermin;Cermin;3;;1;m;;;7
Menara Cakrawala;;;Gedung Utama;Bangunan;1200;Tower A;Lantai 2;Toilet Pria;Toilet;18;Dispenser Sabun;Dispenser / mesin;;;;m;1;15;
Menara Cakrawala;;;Gedung Utama;Bangunan;1200;Tower A;Lantai 2;Toilet Pria;Toilet;18;Tempat Sampah;Tempat sampah;;;;m;2;20;
Menara Cakrawala;;;Gedung Utama;Bangunan;1200;Tower A;Lantai 2;Toilet Pria;Toilet;18;Pintu;Pintu;0.9;;2.1;m;1;;2
Menara Cakrawala;;;Gedung Utama;Bangunan;1200;Tower A;Lantai 2;Toilet Wanita;Toilet;18;Lantai;Lantai / karpet;5.4;3.4;;m;;;
Menara Cakrawala;;;Gedung Utama;Bangunan;1200;Tower A;Lantai 2;Toilet Wanita;Toilet;18;Dinding;Dinding;17.6;;3;m;;;1
Menara Cakrawala;;;Gedung Utama;Bangunan;1200;Tower A;Lantai 2;Toilet Wanita;Toilet;18;Kloset;Bilik / kloset;;;;m;3;50;7
Menara Cakrawala;;;Gedung Utama;Bangunan;1200;Tower A;Lantai 2;Toilet Wanita;Toilet;18;Wastafel;Wastafel;;;;m;2;20;7
Menara Cakrawala;;;Gedung Utama;Bangunan;1200;Tower A;Lantai 2;Toilet Wanita;Toilet;18;Cermin;Cermin;3;;1;m;;;7
Menara Cakrawala;;;Gedung Utama;Bangunan;1200;Tower A;Lantai 2;Toilet Wanita;Toilet;18;Dispenser Sabun;Dispenser / mesin;;;;m;1;15;
Menara Cakrawala;;;Gedung Utama;Bangunan;1200;Tower A;Lantai 2;Toilet Wanita;Toilet;18;Tempat Sampah;Tempat sampah;;;;m;2;20;
Menara Cakrawala;;;Gedung Utama;Bangunan;1200;Tower A;Lantai 2;Toilet Wanita;Toilet;18;Pintu;Pintu;0.9;;2.1;m;1;;2
Menara Cakrawala;;;Gedung Utama;Bangunan;1200;Tower A;Lantai 2;Koridor;Koridor;55;Lantai;Lantai / karpet;9.4;5.9;;m;;;
Menara Cakrawala;;;Gedung Utama;Bangunan;1200;Tower A;Lantai 2;Koridor;Koridor;55;Dinding;Dinding;30.6;;3;m;;;1
Menara Cakrawala;;;Gedung Utama;Bangunan;1200;Tower A;Lantai 2;Koridor;Koridor;55;Tempat Sampah;Tempat sampah;;;;m;2;20;
Menara Cakrawala;;;Gedung Utama;Bangunan;1200;Tower A;Lantai 2;Koridor;Koridor;55;Pintu Tangga Darurat;Pintu;0.9;;2.1;m;2;;2
Menara Cakrawala;;;Gedung Utama;Bangunan;1200;Tower A;Lantai 2;Lift Lobby;Lift;20;Lantai;Lantai / karpet;5.7;3.5;;m;;;
Menara Cakrawala;;;Gedung Utama;Bangunan;1200;Tower A;Lantai 2;Lift Lobby;Lift;20;Dinding;Dinding;18.4;;3;m;;;1
Menara Cakrawala;;;Gedung Utama;Bangunan;1200;Tower A;Lantai 2;Lift Lobby;Lift;20;Cermin Lift;Cermin;1.8;;2;m;2;;7
Menara Cakrawala;;;Gedung Utama;Bangunan;1200;Tower A;Lantai 2;Lift Lobby;Lift;20;Pintu Lift;Pintu;1.1;;2.2;m;2;;2
Menara Cakrawala;;;Gedung Utama;Bangunan;1200;Tower A;Lantai 3;Ruang Kerja;Ruang kerja;320;Lantai;Lantai / karpet;22.6;14.1;;m;;;
Menara Cakrawala;;;Gedung Utama;Bangunan;1200;Tower A;Lantai 3;Ruang Kerja;Ruang kerja;320;Dinding;Dinding;73.4;;3;m;;;1
Menara Cakrawala;;;Gedung Utama;Bangunan;1200;Tower A;Lantai 3;Ruang Kerja;Ruang kerja;320;Kaca Jendela;Kaca / jendela;2;;2.2;m;8;;1
Menara Cakrawala;;;Gedung Utama;Bangunan;1200;Tower A;Lantai 3;Ruang Kerja;Ruang kerja;320;Meja Kerja;Meja;1.4;0.7;;m;40;;
Menara Cakrawala;;;Gedung Utama;Bangunan;1200;Tower A;Lantai 3;Ruang Kerja;Ruang kerja;320;Kursi Kerja;Kursi;;;;m;40;10;
Menara Cakrawala;;;Gedung Utama;Bangunan;1200;Tower A;Lantai 3;Ruang Kerja;Ruang kerja;320;Lemari Arsip;Lemari;1.2;0.5;1.8;m;4;;2
Menara Cakrawala;;;Gedung Utama;Bangunan;1200;Tower A;Lantai 3;Ruang Kerja;Ruang kerja;320;Tempat Sampah;Tempat sampah;;;;m;5;20;
Menara Cakrawala;;;Gedung Utama;Bangunan;1200;Tower A;Lantai 3;Ruang Rapat;Rapat;45;Lantai;Lantai / karpet;8.5;5.3;;m;;;
Menara Cakrawala;;;Gedung Utama;Bangunan;1200;Tower A;Lantai 3;Ruang Rapat;Rapat;45;Dinding;Dinding;27.6;;3;m;;;1
Menara Cakrawala;;;Gedung Utama;Bangunan;1200;Tower A;Lantai 3;Ruang Rapat;Rapat;45;Kaca Jendela;Kaca / jendela;2;;2.2;m;2;;1
Menara Cakrawala;;;Gedung Utama;Bangunan;1200;Tower A;Lantai 3;Ruang Rapat;Rapat;45;Meja Rapat;Meja;3.6;1.2;;m;1;;
Menara Cakrawala;;;Gedung Utama;Bangunan;1200;Tower A;Lantai 3;Ruang Rapat;Rapat;45;Kursi Rapat;Kursi;;;;m;12;10;
Menara Cakrawala;;;Gedung Utama;Bangunan;1200;Tower A;Lantai 3;Ruang Rapat;Rapat;45;Proyektor & Layar;Peralatan elektronik;;;;m;1;10;2
Menara Cakrawala;;;Gedung Utama;Bangunan;1200;Tower A;Lantai 3;Ruang Rapat;Rapat;45;Tempat Sampah;Tempat sampah;;;;m;1;20;
Menara Cakrawala;;;Gedung Utama;Bangunan;1200;Tower A;Lantai 3;Pantry;Pantry;20;Lantai;Lantai / karpet;5.7;3.5;;m;;;
Menara Cakrawala;;;Gedung Utama;Bangunan;1200;Tower A;Lantai 3;Pantry;Pantry;20;Dinding;Dinding;18.4;;3;m;;;1
Menara Cakrawala;;;Gedung Utama;Bangunan;1200;Tower A;Lantai 3;Pantry;Pantry;20;Wastafel;Wastafel;;;;m;2;20;7
Menara Cakrawala;;;Gedung Utama;Bangunan;1200;Tower A;Lantai 3;Pantry;Pantry;20;Lemari Dapur;Lemari;2.4;0.6;0.9;m;1;;2
Menara Cakrawala;;;Gedung Utama;Bangunan;1200;Tower A;Lantai 3;Pantry;Pantry;20;Dispenser Air;Dispenser / mesin;;;;m;2;15;
Menara Cakrawala;;;Gedung Utama;Bangunan;1200;Tower A;Lantai 3;Pantry;Pantry;20;Meja Makan;Meja;1.8;0.8;;m;1;;
Menara Cakrawala;;;Gedung Utama;Bangunan;1200;Tower A;Lantai 3;Pantry;Pantry;20;Kursi;Kursi;;;;m;4;10;
Menara Cakrawala;;;Gedung Utama;Bangunan;1200;Tower A;Lantai 3;Pantry;Pantry;20;Tempat Sampah;Tempat sampah;;;;m;2;20;
Menara Cakrawala;;;Gedung Utama;Bangunan;1200;Tower A;Lantai 3;Toilet Pria;Toilet;18;Lantai;Lantai / karpet;5.4;3.4;;m;;;
Menara Cakrawala;;;Gedung Utama;Bangunan;1200;Tower A;Lantai 3;Toilet Pria;Toilet;18;Dinding;Dinding;17.6;;3;m;;;1
Menara Cakrawala;;;Gedung Utama;Bangunan;1200;Tower A;Lantai 3;Toilet Pria;Toilet;18;Kloset;Bilik / kloset;;;;m;3;50;7
Menara Cakrawala;;;Gedung Utama;Bangunan;1200;Tower A;Lantai 3;Toilet Pria;Toilet;18;Wastafel;Wastafel;;;;m;2;20;7
Menara Cakrawala;;;Gedung Utama;Bangunan;1200;Tower A;Lantai 3;Toilet Pria;Toilet;18;Urinoir;Urinoir;;;;m;2;30;7
Menara Cakrawala;;;Gedung Utama;Bangunan;1200;Tower A;Lantai 3;Toilet Pria;Toilet;18;Cermin;Cermin;3;;1;m;;;7
Menara Cakrawala;;;Gedung Utama;Bangunan;1200;Tower A;Lantai 3;Toilet Pria;Toilet;18;Dispenser Sabun;Dispenser / mesin;;;;m;1;15;
Menara Cakrawala;;;Gedung Utama;Bangunan;1200;Tower A;Lantai 3;Toilet Pria;Toilet;18;Tempat Sampah;Tempat sampah;;;;m;2;20;
Menara Cakrawala;;;Gedung Utama;Bangunan;1200;Tower A;Lantai 3;Toilet Pria;Toilet;18;Pintu;Pintu;0.9;;2.1;m;1;;2
Menara Cakrawala;;;Gedung Utama;Bangunan;1200;Tower A;Lantai 3;Toilet Wanita;Toilet;18;Lantai;Lantai / karpet;5.4;3.4;;m;;;
Menara Cakrawala;;;Gedung Utama;Bangunan;1200;Tower A;Lantai 3;Toilet Wanita;Toilet;18;Dinding;Dinding;17.6;;3;m;;;1
Menara Cakrawala;;;Gedung Utama;Bangunan;1200;Tower A;Lantai 3;Toilet Wanita;Toilet;18;Kloset;Bilik / kloset;;;;m;3;50;7
Menara Cakrawala;;;Gedung Utama;Bangunan;1200;Tower A;Lantai 3;Toilet Wanita;Toilet;18;Wastafel;Wastafel;;;;m;2;20;7
Menara Cakrawala;;;Gedung Utama;Bangunan;1200;Tower A;Lantai 3;Toilet Wanita;Toilet;18;Cermin;Cermin;3;;1;m;;;7
Menara Cakrawala;;;Gedung Utama;Bangunan;1200;Tower A;Lantai 3;Toilet Wanita;Toilet;18;Dispenser Sabun;Dispenser / mesin;;;;m;1;15;
Menara Cakrawala;;;Gedung Utama;Bangunan;1200;Tower A;Lantai 3;Toilet Wanita;Toilet;18;Tempat Sampah;Tempat sampah;;;;m;2;20;
Menara Cakrawala;;;Gedung Utama;Bangunan;1200;Tower A;Lantai 3;Toilet Wanita;Toilet;18;Pintu;Pintu;0.9;;2.1;m;1;;2
Menara Cakrawala;;;Gedung Utama;Bangunan;1200;Tower A;Lantai 3;Koridor;Koridor;55;Lantai;Lantai / karpet;9.4;5.9;;m;;;
Menara Cakrawala;;;Gedung Utama;Bangunan;1200;Tower A;Lantai 3;Koridor;Koridor;55;Dinding;Dinding;30.6;;3;m;;;1
Menara Cakrawala;;;Gedung Utama;Bangunan;1200;Tower A;Lantai 3;Koridor;Koridor;55;Tempat Sampah;Tempat sampah;;;;m;2;20;
Menara Cakrawala;;;Gedung Utama;Bangunan;1200;Tower A;Lantai 3;Koridor;Koridor;55;Pintu Tangga Darurat;Pintu;0.9;;2.1;m;2;;2
Menara Cakrawala;;;Gedung Utama;Bangunan;1200;Tower A;Lantai 3;Lift Lobby;Lift;20;Lantai;Lantai / karpet;5.7;3.5;;m;;;
Menara Cakrawala;;;Gedung Utama;Bangunan;1200;Tower A;Lantai 3;Lift Lobby;Lift;20;Dinding;Dinding;18.4;;3;m;;;1
Menara Cakrawala;;;Gedung Utama;Bangunan;1200;Tower A;Lantai 3;Lift Lobby;Lift;20;Cermin Lift;Cermin;1.8;;2;m;2;;7
Menara Cakrawala;;;Gedung Utama;Bangunan;1200;Tower A;Lantai 3;Lift Lobby;Lift;20;Pintu Lift;Pintu;1.1;;2.2;m;2;;2
Menara Cakrawala;;;Gedung Utama;Bangunan;1200;Tower A;Lantai 4;Ruang Kerja;Ruang kerja;320;Lantai;Lantai / karpet;22.6;14.1;;m;;;
Menara Cakrawala;;;Gedung Utama;Bangunan;1200;Tower A;Lantai 4;Ruang Kerja;Ruang kerja;320;Dinding;Dinding;73.4;;3;m;;;1
Menara Cakrawala;;;Gedung Utama;Bangunan;1200;Tower A;Lantai 4;Ruang Kerja;Ruang kerja;320;Kaca Jendela;Kaca / jendela;2;;2.2;m;8;;1
Menara Cakrawala;;;Gedung Utama;Bangunan;1200;Tower A;Lantai 4;Ruang Kerja;Ruang kerja;320;Meja Kerja;Meja;1.4;0.7;;m;40;;
Menara Cakrawala;;;Gedung Utama;Bangunan;1200;Tower A;Lantai 4;Ruang Kerja;Ruang kerja;320;Kursi Kerja;Kursi;;;;m;40;10;
Menara Cakrawala;;;Gedung Utama;Bangunan;1200;Tower A;Lantai 4;Ruang Kerja;Ruang kerja;320;Lemari Arsip;Lemari;1.2;0.5;1.8;m;4;;2
Menara Cakrawala;;;Gedung Utama;Bangunan;1200;Tower A;Lantai 4;Ruang Kerja;Ruang kerja;320;Tempat Sampah;Tempat sampah;;;;m;5;20;
Menara Cakrawala;;;Gedung Utama;Bangunan;1200;Tower A;Lantai 4;Ruang Rapat;Rapat;45;Lantai;Lantai / karpet;8.5;5.3;;m;;;
Menara Cakrawala;;;Gedung Utama;Bangunan;1200;Tower A;Lantai 4;Ruang Rapat;Rapat;45;Dinding;Dinding;27.6;;3;m;;;1
Menara Cakrawala;;;Gedung Utama;Bangunan;1200;Tower A;Lantai 4;Ruang Rapat;Rapat;45;Kaca Jendela;Kaca / jendela;2;;2.2;m;2;;1
Menara Cakrawala;;;Gedung Utama;Bangunan;1200;Tower A;Lantai 4;Ruang Rapat;Rapat;45;Meja Rapat;Meja;3.6;1.2;;m;1;;
Menara Cakrawala;;;Gedung Utama;Bangunan;1200;Tower A;Lantai 4;Ruang Rapat;Rapat;45;Kursi Rapat;Kursi;;;;m;12;10;
Menara Cakrawala;;;Gedung Utama;Bangunan;1200;Tower A;Lantai 4;Ruang Rapat;Rapat;45;Proyektor & Layar;Peralatan elektronik;;;;m;1;10;2
Menara Cakrawala;;;Gedung Utama;Bangunan;1200;Tower A;Lantai 4;Ruang Rapat;Rapat;45;Tempat Sampah;Tempat sampah;;;;m;1;20;
Menara Cakrawala;;;Gedung Utama;Bangunan;1200;Tower A;Lantai 4;Pantry;Pantry;20;Lantai;Lantai / karpet;5.7;3.5;;m;;;
Menara Cakrawala;;;Gedung Utama;Bangunan;1200;Tower A;Lantai 4;Pantry;Pantry;20;Dinding;Dinding;18.4;;3;m;;;1
Menara Cakrawala;;;Gedung Utama;Bangunan;1200;Tower A;Lantai 4;Pantry;Pantry;20;Wastafel;Wastafel;;;;m;2;20;7
Menara Cakrawala;;;Gedung Utama;Bangunan;1200;Tower A;Lantai 4;Pantry;Pantry;20;Lemari Dapur;Lemari;2.4;0.6;0.9;m;1;;2
Menara Cakrawala;;;Gedung Utama;Bangunan;1200;Tower A;Lantai 4;Pantry;Pantry;20;Dispenser Air;Dispenser / mesin;;;;m;2;15;
Menara Cakrawala;;;Gedung Utama;Bangunan;1200;Tower A;Lantai 4;Pantry;Pantry;20;Meja Makan;Meja;1.8;0.8;;m;1;;
Menara Cakrawala;;;Gedung Utama;Bangunan;1200;Tower A;Lantai 4;Pantry;Pantry;20;Kursi;Kursi;;;;m;4;10;
Menara Cakrawala;;;Gedung Utama;Bangunan;1200;Tower A;Lantai 4;Pantry;Pantry;20;Tempat Sampah;Tempat sampah;;;;m;2;20;
Menara Cakrawala;;;Gedung Utama;Bangunan;1200;Tower A;Lantai 4;Toilet Pria;Toilet;18;Lantai;Lantai / karpet;5.4;3.4;;m;;;
Menara Cakrawala;;;Gedung Utama;Bangunan;1200;Tower A;Lantai 4;Toilet Pria;Toilet;18;Dinding;Dinding;17.6;;3;m;;;1
Menara Cakrawala;;;Gedung Utama;Bangunan;1200;Tower A;Lantai 4;Toilet Pria;Toilet;18;Kloset;Bilik / kloset;;;;m;3;50;7
Menara Cakrawala;;;Gedung Utama;Bangunan;1200;Tower A;Lantai 4;Toilet Pria;Toilet;18;Wastafel;Wastafel;;;;m;2;20;7
Menara Cakrawala;;;Gedung Utama;Bangunan;1200;Tower A;Lantai 4;Toilet Pria;Toilet;18;Urinoir;Urinoir;;;;m;2;30;7
Menara Cakrawala;;;Gedung Utama;Bangunan;1200;Tower A;Lantai 4;Toilet Pria;Toilet;18;Cermin;Cermin;3;;1;m;;;7
Menara Cakrawala;;;Gedung Utama;Bangunan;1200;Tower A;Lantai 4;Toilet Pria;Toilet;18;Dispenser Sabun;Dispenser / mesin;;;;m;1;15;
Menara Cakrawala;;;Gedung Utama;Bangunan;1200;Tower A;Lantai 4;Toilet Pria;Toilet;18;Tempat Sampah;Tempat sampah;;;;m;2;20;
Menara Cakrawala;;;Gedung Utama;Bangunan;1200;Tower A;Lantai 4;Toilet Pria;Toilet;18;Pintu;Pintu;0.9;;2.1;m;1;;2
Menara Cakrawala;;;Gedung Utama;Bangunan;1200;Tower A;Lantai 4;Toilet Wanita;Toilet;18;Lantai;Lantai / karpet;5.4;3.4;;m;;;
Menara Cakrawala;;;Gedung Utama;Bangunan;1200;Tower A;Lantai 4;Toilet Wanita;Toilet;18;Dinding;Dinding;17.6;;3;m;;;1
Menara Cakrawala;;;Gedung Utama;Bangunan;1200;Tower A;Lantai 4;Toilet Wanita;Toilet;18;Kloset;Bilik / kloset;;;;m;3;50;7
Menara Cakrawala;;;Gedung Utama;Bangunan;1200;Tower A;Lantai 4;Toilet Wanita;Toilet;18;Wastafel;Wastafel;;;;m;2;20;7
Menara Cakrawala;;;Gedung Utama;Bangunan;1200;Tower A;Lantai 4;Toilet Wanita;Toilet;18;Cermin;Cermin;3;;1;m;;;7
Menara Cakrawala;;;Gedung Utama;Bangunan;1200;Tower A;Lantai 4;Toilet Wanita;Toilet;18;Dispenser Sabun;Dispenser / mesin;;;;m;1;15;
Menara Cakrawala;;;Gedung Utama;Bangunan;1200;Tower A;Lantai 4;Toilet Wanita;Toilet;18;Tempat Sampah;Tempat sampah;;;;m;2;20;
Menara Cakrawala;;;Gedung Utama;Bangunan;1200;Tower A;Lantai 4;Toilet Wanita;Toilet;18;Pintu;Pintu;0.9;;2.1;m;1;;2
Menara Cakrawala;;;Gedung Utama;Bangunan;1200;Tower A;Lantai 4;Koridor;Koridor;55;Lantai;Lantai / karpet;9.4;5.9;;m;;;
Menara Cakrawala;;;Gedung Utama;Bangunan;1200;Tower A;Lantai 4;Koridor;Koridor;55;Dinding;Dinding;30.6;;3;m;;;1
Menara Cakrawala;;;Gedung Utama;Bangunan;1200;Tower A;Lantai 4;Koridor;Koridor;55;Tempat Sampah;Tempat sampah;;;;m;2;20;
Menara Cakrawala;;;Gedung Utama;Bangunan;1200;Tower A;Lantai 4;Koridor;Koridor;55;Pintu Tangga Darurat;Pintu;0.9;;2.1;m;2;;2
Menara Cakrawala;;;Gedung Utama;Bangunan;1200;Tower A;Lantai 4;Lift Lobby;Lift;20;Lantai;Lantai / karpet;5.7;3.5;;m;;;
Menara Cakrawala;;;Gedung Utama;Bangunan;1200;Tower A;Lantai 4;Lift Lobby;Lift;20;Dinding;Dinding;18.4;;3;m;;;1
Menara Cakrawala;;;Gedung Utama;Bangunan;1200;Tower A;Lantai 4;Lift Lobby;Lift;20;Cermin Lift;Cermin;1.8;;2;m;2;;7
Menara Cakrawala;;;Gedung Utama;Bangunan;1200;Tower A;Lantai 4;Lift Lobby;Lift;20;Pintu Lift;Pintu;1.1;;2.2;m;2;;2
Menara Cakrawala;;;Gedung Utama;Bangunan;1200;Tower A;Lantai 5;Ruang Kerja;Ruang kerja;320;Lantai;Lantai / karpet;22.6;14.1;;m;;;
Menara Cakrawala;;;Gedung Utama;Bangunan;1200;Tower A;Lantai 5;Ruang Kerja;Ruang kerja;320;Dinding;Dinding;73.4;;3;m;;;1
Menara Cakrawala;;;Gedung Utama;Bangunan;1200;Tower A;Lantai 5;Ruang Kerja;Ruang kerja;320;Kaca Jendela;Kaca / jendela;2;;2.2;m;8;;1
Menara Cakrawala;;;Gedung Utama;Bangunan;1200;Tower A;Lantai 5;Ruang Kerja;Ruang kerja;320;Meja Kerja;Meja;1.4;0.7;;m;40;;
Menara Cakrawala;;;Gedung Utama;Bangunan;1200;Tower A;Lantai 5;Ruang Kerja;Ruang kerja;320;Kursi Kerja;Kursi;;;;m;40;10;
Menara Cakrawala;;;Gedung Utama;Bangunan;1200;Tower A;Lantai 5;Ruang Kerja;Ruang kerja;320;Lemari Arsip;Lemari;1.2;0.5;1.8;m;4;;2
Menara Cakrawala;;;Gedung Utama;Bangunan;1200;Tower A;Lantai 5;Ruang Kerja;Ruang kerja;320;Tempat Sampah;Tempat sampah;;;;m;5;20;
Menara Cakrawala;;;Gedung Utama;Bangunan;1200;Tower A;Lantai 5;Ruang Rapat;Rapat;45;Lantai;Lantai / karpet;8.5;5.3;;m;;;
Menara Cakrawala;;;Gedung Utama;Bangunan;1200;Tower A;Lantai 5;Ruang Rapat;Rapat;45;Dinding;Dinding;27.6;;3;m;;;1
Menara Cakrawala;;;Gedung Utama;Bangunan;1200;Tower A;Lantai 5;Ruang Rapat;Rapat;45;Kaca Jendela;Kaca / jendela;2;;2.2;m;2;;1
Menara Cakrawala;;;Gedung Utama;Bangunan;1200;Tower A;Lantai 5;Ruang Rapat;Rapat;45;Meja Rapat;Meja;3.6;1.2;;m;1;;
Menara Cakrawala;;;Gedung Utama;Bangunan;1200;Tower A;Lantai 5;Ruang Rapat;Rapat;45;Kursi Rapat;Kursi;;;;m;12;10;
Menara Cakrawala;;;Gedung Utama;Bangunan;1200;Tower A;Lantai 5;Ruang Rapat;Rapat;45;Proyektor & Layar;Peralatan elektronik;;;;m;1;10;2
Menara Cakrawala;;;Gedung Utama;Bangunan;1200;Tower A;Lantai 5;Ruang Rapat;Rapat;45;Tempat Sampah;Tempat sampah;;;;m;1;20;
Menara Cakrawala;;;Gedung Utama;Bangunan;1200;Tower A;Lantai 5;Pantry;Pantry;20;Lantai;Lantai / karpet;5.7;3.5;;m;;;
Menara Cakrawala;;;Gedung Utama;Bangunan;1200;Tower A;Lantai 5;Pantry;Pantry;20;Dinding;Dinding;18.4;;3;m;;;1
Menara Cakrawala;;;Gedung Utama;Bangunan;1200;Tower A;Lantai 5;Pantry;Pantry;20;Wastafel;Wastafel;;;;m;2;20;7
Menara Cakrawala;;;Gedung Utama;Bangunan;1200;Tower A;Lantai 5;Pantry;Pantry;20;Lemari Dapur;Lemari;2.4;0.6;0.9;m;1;;2
Menara Cakrawala;;;Gedung Utama;Bangunan;1200;Tower A;Lantai 5;Pantry;Pantry;20;Dispenser Air;Dispenser / mesin;;;;m;2;15;
Menara Cakrawala;;;Gedung Utama;Bangunan;1200;Tower A;Lantai 5;Pantry;Pantry;20;Meja Makan;Meja;1.8;0.8;;m;1;;
Menara Cakrawala;;;Gedung Utama;Bangunan;1200;Tower A;Lantai 5;Pantry;Pantry;20;Kursi;Kursi;;;;m;4;10;
Menara Cakrawala;;;Gedung Utama;Bangunan;1200;Tower A;Lantai 5;Pantry;Pantry;20;Tempat Sampah;Tempat sampah;;;;m;2;20;
Menara Cakrawala;;;Gedung Utama;Bangunan;1200;Tower A;Lantai 5;Toilet Pria;Toilet;18;Lantai;Lantai / karpet;5.4;3.4;;m;;;
Menara Cakrawala;;;Gedung Utama;Bangunan;1200;Tower A;Lantai 5;Toilet Pria;Toilet;18;Dinding;Dinding;17.6;;3;m;;;1
Menara Cakrawala;;;Gedung Utama;Bangunan;1200;Tower A;Lantai 5;Toilet Pria;Toilet;18;Kloset;Bilik / kloset;;;;m;3;50;7
Menara Cakrawala;;;Gedung Utama;Bangunan;1200;Tower A;Lantai 5;Toilet Pria;Toilet;18;Wastafel;Wastafel;;;;m;2;20;7
Menara Cakrawala;;;Gedung Utama;Bangunan;1200;Tower A;Lantai 5;Toilet Pria;Toilet;18;Urinoir;Urinoir;;;;m;2;30;7
Menara Cakrawala;;;Gedung Utama;Bangunan;1200;Tower A;Lantai 5;Toilet Pria;Toilet;18;Cermin;Cermin;3;;1;m;;;7
Menara Cakrawala;;;Gedung Utama;Bangunan;1200;Tower A;Lantai 5;Toilet Pria;Toilet;18;Dispenser Sabun;Dispenser / mesin;;;;m;1;15;
Menara Cakrawala;;;Gedung Utama;Bangunan;1200;Tower A;Lantai 5;Toilet Pria;Toilet;18;Tempat Sampah;Tempat sampah;;;;m;2;20;
Menara Cakrawala;;;Gedung Utama;Bangunan;1200;Tower A;Lantai 5;Toilet Pria;Toilet;18;Pintu;Pintu;0.9;;2.1;m;1;;2
Menara Cakrawala;;;Gedung Utama;Bangunan;1200;Tower A;Lantai 5;Toilet Wanita;Toilet;18;Lantai;Lantai / karpet;5.4;3.4;;m;;;
Menara Cakrawala;;;Gedung Utama;Bangunan;1200;Tower A;Lantai 5;Toilet Wanita;Toilet;18;Dinding;Dinding;17.6;;3;m;;;1
Menara Cakrawala;;;Gedung Utama;Bangunan;1200;Tower A;Lantai 5;Toilet Wanita;Toilet;18;Kloset;Bilik / kloset;;;;m;3;50;7
Menara Cakrawala;;;Gedung Utama;Bangunan;1200;Tower A;Lantai 5;Toilet Wanita;Toilet;18;Wastafel;Wastafel;;;;m;2;20;7
Menara Cakrawala;;;Gedung Utama;Bangunan;1200;Tower A;Lantai 5;Toilet Wanita;Toilet;18;Cermin;Cermin;3;;1;m;;;7
Menara Cakrawala;;;Gedung Utama;Bangunan;1200;Tower A;Lantai 5;Toilet Wanita;Toilet;18;Dispenser Sabun;Dispenser / mesin;;;;m;1;15;
Menara Cakrawala;;;Gedung Utama;Bangunan;1200;Tower A;Lantai 5;Toilet Wanita;Toilet;18;Tempat Sampah;Tempat sampah;;;;m;2;20;
Menara Cakrawala;;;Gedung Utama;Bangunan;1200;Tower A;Lantai 5;Toilet Wanita;Toilet;18;Pintu;Pintu;0.9;;2.1;m;1;;2
Menara Cakrawala;;;Gedung Utama;Bangunan;1200;Tower A;Lantai 5;Koridor;Koridor;55;Lantai;Lantai / karpet;9.4;5.9;;m;;;
Menara Cakrawala;;;Gedung Utama;Bangunan;1200;Tower A;Lantai 5;Koridor;Koridor;55;Dinding;Dinding;30.6;;3;m;;;1
Menara Cakrawala;;;Gedung Utama;Bangunan;1200;Tower A;Lantai 5;Koridor;Koridor;55;Tempat Sampah;Tempat sampah;;;;m;2;20;
Menara Cakrawala;;;Gedung Utama;Bangunan;1200;Tower A;Lantai 5;Koridor;Koridor;55;Pintu Tangga Darurat;Pintu;0.9;;2.1;m;2;;2
Menara Cakrawala;;;Gedung Utama;Bangunan;1200;Tower A;Lantai 5;Lift Lobby;Lift;20;Lantai;Lantai / karpet;5.7;3.5;;m;;;
Menara Cakrawala;;;Gedung Utama;Bangunan;1200;Tower A;Lantai 5;Lift Lobby;Lift;20;Dinding;Dinding;18.4;;3;m;;;1
Menara Cakrawala;;;Gedung Utama;Bangunan;1200;Tower A;Lantai 5;Lift Lobby;Lift;20;Cermin Lift;Cermin;1.8;;2;m;2;;7
Menara Cakrawala;;;Gedung Utama;Bangunan;1200;Tower A;Lantai 5;Lift Lobby;Lift;20;Pintu Lift;Pintu;1.1;;2.2;m;2;;2
Menara Cakrawala;;;Gedung Utama;Bangunan;1200;Tower A;Lantai 6;Kantin;Pantry;150;Lantai;Lantai / karpet;15.5;9.7;;m;;;
Menara Cakrawala;;;Gedung Utama;Bangunan;1200;Tower A;Lantai 6;Kantin;Pantry;150;Dinding;Dinding;50.4;;3;m;;;1
Menara Cakrawala;;;Gedung Utama;Bangunan;1200;Tower A;Lantai 6;Kantin;Pantry;150;Wastafel;Wastafel;;;;m;2;20;7
Menara Cakrawala;;;Gedung Utama;Bangunan;1200;Tower A;Lantai 6;Kantin;Pantry;150;Lemari Dapur;Lemari;2.4;0.6;0.9;m;1;;2
Menara Cakrawala;;;Gedung Utama;Bangunan;1200;Tower A;Lantai 6;Kantin;Pantry;150;Dispenser Air;Dispenser / mesin;;;;m;2;15;
Menara Cakrawala;;;Gedung Utama;Bangunan;1200;Tower A;Lantai 6;Kantin;Pantry;150;Meja Makan;Meja;1.8;0.8;;m;5;;
Menara Cakrawala;;;Gedung Utama;Bangunan;1200;Tower A;Lantai 6;Kantin;Pantry;150;Kursi;Kursi;;;;m;19;10;
Menara Cakrawala;;;Gedung Utama;Bangunan;1200;Tower A;Lantai 6;Kantin;Pantry;150;Tempat Sampah;Tempat sampah;;;;m;2;20;
Menara Cakrawala;;;Gedung Utama;Bangunan;1200;Tower A;Lantai 6;Mushola;Mushola;40;Lantai;Lantai / karpet;8;5;;m;;;
Menara Cakrawala;;;Gedung Utama;Bangunan;1200;Tower A;Lantai 6;Mushola;Mushola;40;Dinding;Dinding;26;;3;m;;;1
Menara Cakrawala;;;Gedung Utama;Bangunan;1200;Tower A;Lantai 6;Mushola;Mushola;40;Cermin;Cermin;1.5;;1;m;1;;7
Menara Cakrawala;;;Gedung Utama;Bangunan;1200;Tower A;Lantai 6;Mushola;Mushola;40;Lemari Mukena;Lemari;1.2;0.5;1.8;m;1;;2
Menara Cakrawala;;;Gedung Utama;Bangunan;1200;Tower A;Lantai 6;Mushola;Mushola;40;Tempat Sampah;Tempat sampah;;;;m;1;20;
Menara Cakrawala;;;Gedung Utama;Bangunan;1200;Tower A;Lantai 6;Toilet Pria;Toilet;18;Lantai;Lantai / karpet;5.4;3.4;;m;;;
Menara Cakrawala;;;Gedung Utama;Bangunan;1200;Tower A;Lantai 6;Toilet Pria;Toilet;18;Dinding;Dinding;17.6;;3;m;;;1
Menara Cakrawala;;;Gedung Utama;Bangunan;1200;Tower A;Lantai 6;Toilet Pria;Toilet;18;Kloset;Bilik / kloset;;;;m;3;50;7
Menara Cakrawala;;;Gedung Utama;Bangunan;1200;Tower A;Lantai 6;Toilet Pria;Toilet;18;Wastafel;Wastafel;;;;m;2;20;7
Menara Cakrawala;;;Gedung Utama;Bangunan;1200;Tower A;Lantai 6;Toilet Pria;Toilet;18;Urinoir;Urinoir;;;;m;2;30;7
Menara Cakrawala;;;Gedung Utama;Bangunan;1200;Tower A;Lantai 6;Toilet Pria;Toilet;18;Cermin;Cermin;3;;1;m;;;7
Menara Cakrawala;;;Gedung Utama;Bangunan;1200;Tower A;Lantai 6;Toilet Pria;Toilet;18;Dispenser Sabun;Dispenser / mesin;;;;m;1;15;
Menara Cakrawala;;;Gedung Utama;Bangunan;1200;Tower A;Lantai 6;Toilet Pria;Toilet;18;Tempat Sampah;Tempat sampah;;;;m;2;20;
Menara Cakrawala;;;Gedung Utama;Bangunan;1200;Tower A;Lantai 6;Toilet Pria;Toilet;18;Pintu;Pintu;0.9;;2.1;m;1;;2
Menara Cakrawala;;;Gedung Utama;Bangunan;1200;Tower A;Lantai 6;Toilet Wanita;Toilet;18;Lantai;Lantai / karpet;5.4;3.4;;m;;;
Menara Cakrawala;;;Gedung Utama;Bangunan;1200;Tower A;Lantai 6;Toilet Wanita;Toilet;18;Dinding;Dinding;17.6;;3;m;;;1
Menara Cakrawala;;;Gedung Utama;Bangunan;1200;Tower A;Lantai 6;Toilet Wanita;Toilet;18;Kloset;Bilik / kloset;;;;m;3;50;7
Menara Cakrawala;;;Gedung Utama;Bangunan;1200;Tower A;Lantai 6;Toilet Wanita;Toilet;18;Wastafel;Wastafel;;;;m;2;20;7
Menara Cakrawala;;;Gedung Utama;Bangunan;1200;Tower A;Lantai 6;Toilet Wanita;Toilet;18;Cermin;Cermin;3;;1;m;;;7
Menara Cakrawala;;;Gedung Utama;Bangunan;1200;Tower A;Lantai 6;Toilet Wanita;Toilet;18;Dispenser Sabun;Dispenser / mesin;;;;m;1;15;
Menara Cakrawala;;;Gedung Utama;Bangunan;1200;Tower A;Lantai 6;Toilet Wanita;Toilet;18;Tempat Sampah;Tempat sampah;;;;m;2;20;
Menara Cakrawala;;;Gedung Utama;Bangunan;1200;Tower A;Lantai 6;Toilet Wanita;Toilet;18;Pintu;Pintu;0.9;;2.1;m;1;;2
Menara Cakrawala;;;Gedung Utama;Bangunan;1200;Tower A;Lantai 6;Koridor;Koridor;40;Lantai;Lantai / karpet;8;5;;m;;;
Menara Cakrawala;;;Gedung Utama;Bangunan;1200;Tower A;Lantai 6;Koridor;Koridor;40;Dinding;Dinding;26;;3;m;;;1
Menara Cakrawala;;;Gedung Utama;Bangunan;1200;Tower A;Lantai 6;Koridor;Koridor;40;Tempat Sampah;Tempat sampah;;;;m;2;20;
Menara Cakrawala;;;Gedung Utama;Bangunan;1200;Tower A;Lantai 6;Koridor;Koridor;40;Pintu Tangga Darurat;Pintu;0.9;;2.1;m;2;;2
Menara Cakrawala;;;Gedung Utama;Bangunan;1200;Tower A;Lantai 6;Lift Lobby;Lift;20;Lantai;Lantai / karpet;5.7;3.5;;m;;;
Menara Cakrawala;;;Gedung Utama;Bangunan;1200;Tower A;Lantai 6;Lift Lobby;Lift;20;Dinding;Dinding;18.4;;3;m;;;1
Menara Cakrawala;;;Gedung Utama;Bangunan;1200;Tower A;Lantai 6;Lift Lobby;Lift;20;Cermin Lift;Cermin;1.8;;2;m;2;;7
Menara Cakrawala;;;Gedung Utama;Bangunan;1200;Tower A;Lantai 6;Lift Lobby;Lift;20;Pintu Lift;Pintu;1.1;;2.2;m;2;;2